coin,totalCurrentValue
solana,109.2016639481229
bitcoin,106.97472130331057
ethereum,104.08636427878474
