coin,totalCurrentValue
solana,117.67061832226784
sui,115.9863700165851
bitcoin,109.28595805242345
ethereum,106.91135316928221
