coin,totalCurrentValue
sui,129.32906326372662
solana,118.78360921568698
bitcoin,112.6015634195853
ethereum,110.81701950398084
