coin,totalCurrentValue
solana,114.83274467458784
sui,113.02459101032414
bitcoin,111.56595788413497
ethereum,110.69964202237026
