coin,totalCurrentValue
solana,111.03638294706597
sui,110.75027394772164
bitcoin,108.839070200908
ethereum,108.3455175812015
