coin,totalCurrentValue
solana,115.59510114487131
bitcoin,108.76842465044888
ethereum,105.39289379567525
