coin,totalCurrentValue
solana,124.42302097166133
sui,121.23515637905138
ethereum,113.96763676045029
bitcoin,113.26279310711709
