coin,totalCurrentValue
sui,123.55940268399706
solana,112.08101249075109
bitcoin,109.29243225837654
ethereum,104.61665522963798
