coin,totalCurrentValue
solana,107.95539812165639
bitcoin,106.69577372394201
ethereum,99.63277175449173
