coin,totalCurrentValue
sui,112.53545611812326
solana,108.52915995442018
bitcoin,107.2461807186621
ethereum,106.43545025776713
