coin,totalCurrentValue
solana,106.63154924737047
bitcoin,104.95936006620153
ethereum,102.67994206443791
