coin,totalCurrentValue
solana,117.8314994376147
ethereum,113.99285969979549
bitcoin,113.22380013592553
