coin,totalCurrentValue
solana,110.41887031078232
ethereum,109.19394382170653
bitcoin,109.04365049306668
