coin,totalCurrentValue
solana,109.47735031723887
bitcoin,108.41015379076286
ethereum,105.1658755295023
