coin,totalCurrentValue
solana,112.16733225331151
bitcoin,109.25807863037653
ethereum,104.58386520252986
