coin,totalCurrentValue
solana,117.60243600987889
bitcoin,109.27376076349573
ethereum,106.89422072691342
