coin,totalCurrentValue
sui,117.06171088159971
solana,110.86217208887088
bitcoin,108.72347328644602
ethereum,106.24446748953822
