coin,totalCurrentValue
solana,107.75612212213841
bitcoin,107.01792392939936
ethereum,100.80314565818341
