coin,totalCurrentValue
solana,124.42302097166133
ethereum,113.96763676045029
bitcoin,113.26279310711709
