coin,totalCurrentValue
solana,108.3496087984753
bitcoin,107.03671872367065
ethereum,106.43545025776713
