coin,totalCurrentValue
solana,111.185965768172
ethereum,109.22389103997718
bitcoin,108.59742245631455
