coin,totalCurrentValue
sui,122.35777515022527
solana,117.42897414142526
ethereum,113.6509887676845
bitcoin,112.47428190170415
