coin,totalCurrentValue
solana,111.10796281833946
bitcoin,108.88625574948902
ethereum,108.3853513513096
