coin,totalCurrentValue
solana,110.86217208887088
bitcoin,108.79678269338444
ethereum,106.24446748953822
