coin,totalCurrentValue
sui,116.09577957436925
solana,110.41887031078232
bitcoin,109.24937503566075
ethereum,109.19394382170653
