coin,totalCurrentValue
solana,122.06923315556915
sui,118.00717620872679
ethereum,114.63669631293362
bitcoin,113.23792857623326
