coin,totalCurrentValue
solana,119.80420494633907
bitcoin,112.98930900138275
ethereum,110.42051634543694
