coin,totalCurrentValue
sui,106.85164617717588
solana,106.50329695487197
bitcoin,104.75513260773832
ethereum,102.65214661623168
