coin,totalCurrentValue
sui,110.26787912443834
solana,109.34285750226549
bitcoin,107.03591536612826
ethereum,104.16132593475979
