coin,totalCurrentValue
solana,122.06923315556915
ethereum,114.63669631293362
bitcoin,113.33914886483164
