coin,totalCurrentValue
sui,112.79930248523873
solana,109.63555991545404
bitcoin,108.41015379076286
ethereum,105.28559222993756
