coin,totalCurrentValue
ethereum,334.0309672025561
sui,213.41837311146867
solana,210.2040179950632
bitcoin,154.2434222873259
