coin,totalCurrentValue
ethereum,272.9282951826924
sui,215.6820884359752
solana,180.33890237146286
bitcoin,157.11846469106482
