coin,totalCurrentValue
ethereum,297.90414074769
sui,222.6752651203211
solana,185.46966330357236
bitcoin,155.80537279169369
