coin,totalCurrentValue
ethereum,309.9480319318936
sui,211.7769131179192
solana,191.0987295316315
bitcoin,157.0033464072432
