coin,totalCurrentValue
ethereum,336.4989545288559
sui,214.54682754416095
solana,206.16102060714752
bitcoin,156.33602663353048
