coin,totalCurrentValue
ethereum,256.7948880210185
sui,199.5353514522329
solana,172.8967162416401
bitcoin,153.81620817988798
