coin,totalCurrentValue
ethereum,244.30473518017374
sui,196.6775545245837
solana,166.55114485320306
bitcoin,152.77534253556058
