coin,totalCurrentValue
ethereum,237.52644650978354
sui,190.36702647930454
solana,163.02140754010523
bitcoin,150.5513198391915
