coin,totalCurrentValue
ethereum,295.5483128079133
sui,194.69215738714985
solana,185.68000731187053
bitcoin,150.46858950838538
