coin,totalCurrentValue
ethereum,318.51781045289704
sui,214.59757936665198
solana,198.38202589648589
bitcoin,158.3290220504569
