coin,totalCurrentValue
ethereum,280.14488834888743
sui,219.4262726483637
solana,182.00041501649858
bitcoin,156.05408486827739
