coin,totalCurrentValue
ethereum,258.19076711245
sui,206.17090690636414
solana,177.07867849323762
bitcoin,154.79463302131825
