coin,totalCurrentValue
ethereum,295.20244793399604
sui,208.80136779822504
solana,180.0424235123569
bitcoin,158.78238141794617
