coin,totalCurrentValue
ethereum,331.8248472562778
sui,228.98778902127415
solana,207.49520959444985
bitcoin,165.0581189564417
