coin,totalCurrentValue
ethereum,301.5492082236813
sui,205.75824607002946
solana,188.36215406698
bitcoin,155.55710780410794
