coin,totalCurrentValue
ethereum,296.99463478180036
sui,221.42620775531816
solana,187.99918542911246
bitcoin,159.54454831651242
