coin,totalCurrentValue
ethereum,259.61794983491035
sui,204.66977633991908
solana,174.1558430354603
bitcoin,153.91151278869742
