coin,totalCurrentValue
ethereum,308.9564708381846
sui,215.61115558253826
solana,195.25020188167537
bitcoin,157.0047173528346
