coin,totalCurrentValue
ethereum,252.27944456820424
sui,194.7335235052241
solana,168.7323542808923
bitcoin,152.59167029608778
