coin,totalCurrentValue
ethereum,313.2593682149629
sui,215.7184198105452
solana,197.08903661860845
bitcoin,157.16762645174137
