coin,totalCurrentValue
ethereum,243.61175425529035
sui,197.52214868131483
solana,167.47631908492116
bitcoin,151.49151365689985
