coin,totalCurrentValue
ethereum,285.0148277758196
sui,195.18041166689798
solana,181.400681591371
bitcoin,150.9848937549566
