coin,totalCurrentValue
ethereum,302.78682133102
sui,203.12971816304886
solana,193.05667740616397
bitcoin,152.7958438208977
