coin,totalCurrentValue
ethereum,320.7865844540521
sui,221.62823645619028
solana,197.3607581102094
bitcoin,160.62728548769502
