coin,totalCurrentValue
sui,233.7432056468945
ethereum,219.0905294284681
solana,168.75545269868766
bitcoin,157.42175846352316
