coin,totalCurrentValue
ethereum,181.0696952119358
sui,172.8121920254535
solana,156.86307732233607
bitcoin,146.62582360855737
