coin,totalCurrentValue
ethereum,242.9297398468564
sui,229.3420097368045
solana,181.36141837217892
bitcoin,159.60321155922242
