coin,totalCurrentValue
ethereum,264.72182101139094
sui,222.47750679087355
solana,188.39673948354334
bitcoin,157.82268953343964
