coin,totalCurrentValue
ethereum,258.5296219836349
sui,211.90107123245483
solana,187.83245941963045
bitcoin,158.31077661017778
