coin,totalCurrentValue
ethereum,207.69782122284025
sui,199.313649940755
solana,165.84111190008798
bitcoin,159.34206898651007
