coin,totalCurrentValue
ethereum,175.78884415869817
sui,165.59623404275519
solana,151.87812749960725
bitcoin,144.72555825086732
