coin,totalCurrentValue
ethereum,206.20355219441961
sui,199.35288085387174
solana,168.52447825864715
bitcoin,155.06342106690144
