coin,totalCurrentValue
ethereum,205.54089583032015
sui,194.16261039589642
solana,165.34080957959944
bitcoin,157.02592084207413
