coin,totalCurrentValue
ethereum,179.5601322422666
sui,166.154668935941
solana,156.33167423670338
bitcoin,146.0713145231662
