coin,totalCurrentValue
ethereum,175.18889333597386
sui,164.19464509896267
solana,152.00621534747464
bitcoin,144.4579531919345
