coin,totalCurrentValue
ethereum,206.7374972129655
sui,193.82824219706023
solana,167.73246787785527
bitcoin,157.26059066091986
