coin,totalCurrentValue
ethereum,193.50411107716332
sui,175.583156755489
solana,161.78773296397856
bitcoin,148.86468128509975
