coin,totalCurrentValue
ethereum,251.041549981147
sui,219.2316222175247
solana,182.08078758093905
bitcoin,157.6820860824472
