coin,totalCurrentValue
ethereum,259.9425556793689
sui,225.26598499933635
solana,192.0411876509153
bitcoin,157.1667285455036
