coin,totalCurrentValue
ethereum,168.01860636282353
sui,152.6193513881729
solana,151.12532869436225
bitcoin,141.32241573297685
