coin,totalCurrentValue
ethereum,270.43833380391044
sui,247.09546324383834
solana,194.0124346238757
bitcoin,159.74534150736915
