coin,totalCurrentValue
ethereum,235.37600627131678
sui,225.41678854409074
solana,178.91935485198357
bitcoin,158.7599359695758
