coin,totalCurrentValue
ethereum,182.68238723257681
sui,165.37368407695212
solana,156.2304703143776
bitcoin,145.70143229586904
