coin,totalCurrentValue
ethereum,179.6653631323667
sui,165.52233836843456
solana,156.71863859224968
bitcoin,145.60864747841745
