coin,totalCurrentValue
ethereum,262.6694211856073
sui,222.11179039881742
solana,186.5149675447295
bitcoin,156.83296506690948
