coin,totalCurrentValue
ethereum,261.2696277148957
sui,237.18840242513386
solana,190.19994605321637
bitcoin,157.68461849525426
