coin,totalCurrentValue
ethereum,264.66553155658187
sui,217.59982300218212
solana,186.4758085520887
bitcoin,157.58387146959745
