coin,totalCurrentValue
ethereum,262.9535194590836
sui,226.38721962436333
solana,201.9777458348163
bitcoin,157.06970971461024
