coin,totalCurrentValue
sui,221.7281828700966
ethereum,210.44929482718794
solana,166.99965934780414
bitcoin,160.2834472244258
