coin,totalCurrentValue
ethereum,265.92842217877535
sui,214.6011216879582
solana,182.977751318977
bitcoin,157.58013777786715
