coin,totalCurrentValue
ethereum,261.5871167099157
sui,228.70559196991482
solana,211.15827704122285
bitcoin,160.43016461742792
