coin,totalCurrentValue
ethereum,173.73842791383393
solana,159.46260347757826
sui,158.5763204951017
bitcoin,143.28066940881456
