coin,totalCurrentValue
ethereum,247.84113507291147
sui,216.10819325548556
solana,182.50180458811826
bitcoin,157.81384410556365
