coin,totalCurrentValue
ethereum,253.51656427653452
sui,212.32052929773627
solana,195.07565926514013
bitcoin,158.74887666734745
