coin,totalCurrentValue
ethereum,177.58274674237163
sui,163.0410642845181
solana,153.1793654851881
bitcoin,144.83004973259452
