coin,totalCurrentValue
sui,219.07126681909926
ethereum,176.55586155674354
solana,171.6261104063298
bitcoin,141.24610618873234
