coin,totalCurrentValue
solana,155.24550918097472
bitcoin,129.0101465814963
ethereum,128.44083810786583
