coin,totalCurrentValue
sui,235.40750032955347
solana,182.76724407691816
ethereum,180.40977470788891
bitcoin,140.03694550798787
