coin,totalCurrentValue
sui,183.29968935899302
ethereum,176.54845902701547
solana,161.00450609126918
bitcoin,139.11506857263726
