coin,totalCurrentValue
sui,205.4904973856918
solana,180.51572503599806
ethereum,177.97663561298108
bitcoin,145.64111751649696
