coin,totalCurrentValue
sui,229.21945077065868
solana,178.0483379121306
ethereum,175.2879192979901
bitcoin,139.19818994170652
