coin,totalCurrentValue
sui,195.49597843356392
solana,152.43603267315504
bitcoin,129.63580167228523
ethereum,128.68702089399824
