coin,totalCurrentValue
sui,203.50688386578926
solana,155.40731307214458
bitcoin,129.0101465814963
ethereum,128.51254783753058
