coin,totalCurrentValue
sui,190.36601577226708
solana,151.02818036078267
bitcoin,128.24455761365718
ethereum,128.10164373785003
