coin,totalCurrentValue
sui,226.40552637902312
solana,179.39245112143936
ethereum,174.16651573857476
bitcoin,137.51295376736124
