coin,totalCurrentValue
sui,187.07293371128634
solana,148.1085118056818
ethereum,126.2916958343049
bitcoin,126.11728671256145
