coin,totalCurrentValue
sui,201.24266198573758
solana,152.2275223524175
bitcoin,126.096253536384
ethereum,125.50758952703731
