coin,totalCurrentValue
solana,152.37816946285014
bitcoin,129.59269095939456
ethereum,128.67184952338863
