coin,totalCurrentValue
sui,229.74094475905383
solana,168.64282362010127
ethereum,153.8057664141165
bitcoin,137.9578149979579
