coin,totalCurrentValue
sui,201.34484876912637
ethereum,183.82691639189798
solana,171.67103751506446
bitcoin,141.38727713778405
