coin,totalCurrentValue
sui,220.15177814028075
ethereum,176.23746211468378
solana,173.42828909844064
bitcoin,142.82985553715665
