coin,totalCurrentValue
sui,225.31738731600902
solana,177.78065092622805
ethereum,163.65356638710085
bitcoin,137.7162226337585
