coin,totalCurrentValue
sui,199.02617790679767
solana,179.84185641817223
ethereum,178.97493791053003
bitcoin,146.30062190289527
