coin,totalCurrentValue
sui,232.6268046981189
solana,188.96412177372684
ethereum,187.14683002756192
bitcoin,139.1790037891019
