coin,totalCurrentValue
sui,205.62742986816878
ethereum,187.17722187733267
solana,177.13942745500376
bitcoin,144.20944062103368
