coin,totalCurrentValue
sui,225.00450149195404
solana,179.02639376881172
ethereum,178.55182422555123
bitcoin,146.71081663319328
