coin,totalCurrentValue
sui,190.98361204906973
solana,151.21235077457925
bitcoin,129.47918105261738
ethereum,126.92837757677898
