coin,totalCurrentValue
sui,216.28073948541848
ethereum,177.52579826207472
solana,172.56539496069917
bitcoin,138.4820484247695
