coin,totalCurrentValue
sui,219.12589331509025
ethereum,177.76826806745143
solana,173.9137292230858
bitcoin,138.75093972355572
