coin,totalCurrentValue
sui,206.73644793235283
solana,181.15465765284537
ethereum,176.692595671102
bitcoin,144.19464491639826
