coin,totalCurrentValue
sui,190.1894343259903
solana,151.48728305147546
bitcoin,129.77340212319035
ethereum,126.53973526370817
