coin,totalCurrentValue
sui,223.76353743441015
ethereum,182.08281057145598
solana,181.60781937498376
bitcoin,138.4806157343175
