coin,totalCurrentValue
sui,195.35602877929696
solana,151.02656865110217
ethereum,127.11932983767962
bitcoin,126.72388133837558
