coin,totalCurrentValue
sui,223.51325113125546
solana,177.37955042439967
ethereum,172.78648025387938
bitcoin,141.9487223390896
