coin,totalCurrentValue
sui,205.20203139667473
solana,179.36620244904253
ethereum,176.02636581368048
bitcoin,143.30742196862488
