coin,totalCurrentValue
solana,151.96624478989054
bitcoin,125.96876668600503
ethereum,125.29538220218181
