coin,totalCurrentValue
sui,221.00115262801793
ethereum,185.6961874186621
solana,184.80239507084005
bitcoin,149.22337536432306
