coin,totalCurrentValue
sui,209.73165536445887
ethereum,185.9403631032251
solana,181.7445072267603
bitcoin,145.78748271775999
