coin,totalCurrentValue
sui,217.03653358582733
ethereum,172.87788674447677
solana,170.77948091407612
bitcoin,138.01010972587574
