coin,totalCurrentValue
solana,108.56448087055648
ethereum,102.81894032126796
bitcoin,102.04286889379195
