coin,totalCurrentValue
sui,202.6297811964396
solana,155.67635964833568
bitcoin,126.78357967363267
ethereum,125.06079666478877
