coin,totalCurrentValue
solana,113.7490730043409
bitcoin,108.90296023321
ethereum,87.01908535900236
