coin,totalCurrentValue
sui,169.30501900672232
solana,155.53086526820871
ethereum,125.44297896139561
bitcoin,125.30260429929439
