coin,totalCurrentValue
solana,153.54826070815741
ethereum,127.21534686822547
bitcoin,126.60354698243466
