coin,totalCurrentValue
bitcoin,98.85194563511524
solana,91.34558363538954
ethereum,81.18713106019075
