coin,totalCurrentValue
bitcoin,101.52863427162863
solana,91.70200303975996
ethereum,87.08525405487026
