coin,totalCurrentValue
solana,114.49776266996574
bitcoin,110.50670604417736
ethereum,90.68339937092193
