coin,totalCurrentValue
solana,116.04575168551705
bitcoin,106.39687832753198
ethereum,106.25765365145234
