coin,totalCurrentValue
bitcoin,102.94766981611762
sui,99.94514492951626
solana,92.9866476138108
ethereum,85.98204454588941
