coin,totalCurrentValue
solana,129.82188340875948
bitcoin,111.86071804136073
ethereum,110.89889405824654
