coin,totalCurrentValue
sui,202.15489686937738
solana,150.69300786177837
bitcoin,126.08081971863646
ethereum,125.64708002361924
