coin,totalCurrentValue
bitcoin,108.19751767678207
solana,104.0460357157766
ethereum,99.65288224186507
