coin,totalCurrentValue
solana,140.36104883383027
bitcoin,117.02154499712228
ethereum,110.27093140960922
