coin,totalCurrentValue
sui,111.77544866338015
solana,107.91111074766826
bitcoin,106.9523560241477
ethereum,100.5813424258414
