coin,totalCurrentValue
solana,116.61276194659777
bitcoin,110.04486431555108
ethereum,87.3284123608402
