coin,totalCurrentValue
bitcoin,108.60371836538246
solana,106.23366809355333
ethereum,100.07694177624016
