coin,totalCurrentValue
solana,156.8118185727345
bitcoin,125.64091104599659
ethereum,123.58138039985917
