coin,totalCurrentValue
solana,136.080910213695
sui,133.97761757796027
ethereum,114.84543062786511
bitcoin,114.0738429001145
