coin,totalCurrentValue
solana,138.594592751711
bitcoin,113.59709300246602
ethereum,110.59652806580169
