coin,totalCurrentValue
solana,143.7489933834685
sui,123.08500655322567
bitcoin,113.79624367578816
ethereum,112.70478673961149
