coin,totalCurrentValue
bitcoin,107.00701611481308
solana,103.07736008075115
ethereum,91.94010361435674
