coin,totalCurrentValue
bitcoin,110.31840191604665
solana,109.65563435375073
ethereum,105.07473557870362
