coin,totalCurrentValue
sui,113.85433879141728
bitcoin,106.91761687197557
solana,101.8633740452479
ethereum,98.96098971539558
