coin,totalCurrentValue
solana,116.07810437179415
bitcoin,109.40684026842713
ethereum,87.63685534981997
