coin,totalCurrentValue
sui,111.41366744381979
bitcoin,107.80132327833475
solana,101.48539533168079
ethereum,100.19690706211394
