coin,totalCurrentValue
bitcoin,102.53833037806622
solana,92.59368523242196
ethereum,85.68533991331883
