coin,totalCurrentValue
solana,135.1910904583563
sui,117.28330053307832
bitcoin,112.41832845903731
ethereum,110.20478279624486
