coin,totalCurrentValue
bitcoin,106.86943977637878
solana,101.8633740452479
ethereum,98.96098971539558
