coin,totalCurrentValue
bitcoin,103.06980336985632
solana,97.64028558069509
ethereum,83.90238244231725
