coin,totalCurrentValue
sui,111.32923053026674
bitcoin,108.48149202199657
solana,106.07855326766884
ethereum,99.98101890325357
