coin,totalCurrentValue
solana,155.32639397882772
bitcoin,126.70151423248933
ethereum,124.83873050637374
