coin,totalCurrentValue
solana,138.596938818651
sui,121.11448510027846
bitcoin,113.60601116008651
ethereum,110.59652806580169
