coin,totalCurrentValue
sui,190.64346465448855
solana,156.87238188443376
bitcoin,125.64705372734467
ethereum,123.58138039985917
