coin,totalCurrentValue
solana,131.94747191141602
bitcoin,111.85453606245363
ethereum,111.50195755800101
