coin,totalCurrentValue
solana,129.82188340875948
sui,119.22213858181952
bitcoin,111.86071804136073
ethereum,110.89889405824654
