coin,totalCurrentValue
solana,140.36104883383027
sui,125.43139534193284
bitcoin,117.06170314402571
ethereum,110.27093140960922
