coin,totalCurrentValue
solana,131.94747191141602
sui,127.48006350698988
bitcoin,111.85453606245363
ethereum,111.50195755800101
