coin,totalCurrentValue
solana,133.18934649112074
ethereum,113.37499083875521
bitcoin,113.12897407964215
