coin,totalCurrentValue
solana,141.74957299970313
bitcoin,113.86426200657658
ethereum,110.79810835573332
