coin,totalCurrentValue
solana,152.1401912901627
bitcoin,127.08193112007481
ethereum,125.72893667968248
