coin,totalCurrentValue
sui,201.1703513003146
solana,152.1401912901627
bitcoin,127.08193112007481
ethereum,125.72893667968248
