coin,totalCurrentValue
solana,153.15481210293981
bitcoin,125.06912606300445
ethereum,122.78320214690355
