coin,totalCurrentValue
sui,203.1784396297518
solana,152.4885072467671
bitcoin,125.44850647651629
ethereum,125.26992472126813
