coin,totalCurrentValue
sui,200.84345255668453
solana,153.58950793202862
ethereum,127.25055802187485
bitcoin,126.60354698243466
