coin,totalCurrentValue
solana,111.01990940603558
bitcoin,108.35679786105455
ethereum,88.04335089861604
