coin,totalCurrentValue
solana,133.18934649112074
sui,125.06234618911267
ethereum,113.37499083875521
bitcoin,113.12897407964215
