coin,totalCurrentValue
sui,124.97746549830823
solana,124.93665863297885
bitcoin,111.58791778020756
ethereum,109.46582181126033
