coin,totalCurrentValue
sui,126.84085635382523
solana,122.50772989027877
ethereum,116.43697594939411
bitcoin,110.46118360103254
