coin,totalCurrentValue
solana,137.95915073314822
bitcoin,112.9384736523515
ethereum,110.98715378273845
