coin,totalCurrentValue
solana,136.080910213695
ethereum,114.84543062786511
bitcoin,114.0738429001145
