coin,totalCurrentValue
bitcoin,108.09851684418753
solana,105.12104795943455
ethereum,86.43559245245373
