coin,totalCurrentValue
solana,112.06481615063043
bitcoin,109.59138366755089
ethereum,89.52232158212574
