coin,totalCurrentValue
solana,109.23145041109655
bitcoin,108.36278652689141
ethereum,87.56716435906213
