coin,totalCurrentValue
ethereum,177.91033153547852
sui,172.71475699473382
solana,157.2481915893213
bitcoin,141.17903518977127
