coin,totalCurrentValue
sui,193.8735234349414
ethereum,193.81440429370576
solana,165.71371885257363
bitcoin,145.3551515037658
