coin,totalCurrentValue
ethereum,175.49578966367216
sui,161.91906598832566
solana,152.00227059060464
bitcoin,139.8667905513642
