coin,totalCurrentValue
ethereum,182.29326220632979
sui,180.93612768271913
solana,157.94187813822634
bitcoin,140.16107927712494
