coin,totalCurrentValue
ethereum,160.22607202090964
sui,146.62609210663814
solana,138.98990493737915
bitcoin,136.53561596362619
