coin,totalCurrentValue
ethereum,174.7719574466656
sui,165.79438761931218
solana,157.77582335313016
bitcoin,144.95467338344164
