coin,totalCurrentValue
ethereum,176.9297542999637
sui,168.2646168107941
solana,148.92743722344244
bitcoin,141.03843726243036
