coin,totalCurrentValue
ethereum,176.2326373705715
sui,161.49358281770355
solana,150.61049345015905
bitcoin,140.1841998305594
