coin,totalCurrentValue
ethereum,170.93486990879336
sui,159.71983468701563
solana,150.1654189093608
bitcoin,141.80966827669008
