coin,totalCurrentValue
ethereum,180.0748915773412
sui,175.52896681794022
solana,152.92519709927905
bitcoin,141.85408373954417
