coin,totalCurrentValue
ethereum,168.99173318303147
sui,167.89047444716456
solana,148.72742633350373
bitcoin,135.87456534936422
