coin,totalCurrentValue
ethereum,168.061825526166
sui,155.0654415404815
solana,144.13543325877356
bitcoin,138.1400364978275
