coin,totalCurrentValue
ethereum,177.97311393639637
sui,171.43245135247648
solana,155.30598747880506
bitcoin,142.88814533048154
