coin,totalCurrentValue
ethereum,168.73252114912322
sui,148.5896421497856
bitcoin,143.0689524014551
solana,143.05956013803134
