coin,totalCurrentValue
sui,196.92081197289932
ethereum,187.3503235181907
solana,165.76005523984648
bitcoin,147.46674386106724
