coin,totalCurrentValue
ethereum,170.19667096083356
sui,160.18291809806502
solana,155.17684119306915
bitcoin,143.54434517742445
