coin,totalCurrentValue
sui,184.1037344631782
ethereum,175.24323065031786
solana,156.913690889007
bitcoin,141.3931088197858
