coin,totalCurrentValue
ethereum,155.55892550577533
sui,139.77263106629655
solana,135.50920866874768
bitcoin,134.94684956126815
