coin,totalCurrentValue
sui,191.18525571989954
ethereum,177.28773008178746
solana,162.2611729095696
bitcoin,141.35860812032774
