coin,totalCurrentValue
ethereum,168.98052866640595
sui,156.01216027082086
solana,147.73227843880818
bitcoin,143.64135839668876
