coin,totalCurrentValue
sui,185.28703787005736
ethereum,176.41677903830612
solana,154.42581267230076
bitcoin,141.314054425543
