coin,totalCurrentValue
ethereum,168.98526999134842
sui,161.66087429069492
solana,148.85419746853935
bitcoin,141.05447151567537
