coin,totalCurrentValue
ethereum,176.13313511575845
sui,161.6062389121064
solana,151.34924878793444
bitcoin,140.00042034184938
