coin,totalCurrentValue
sui,190.66648760235594
ethereum,182.3570642804422
solana,161.43770119752585
bitcoin,141.60654954151218
