coin,totalCurrentValue
sui,199.39962633793607
ethereum,196.71388646917518
solana,169.8635379616419
bitcoin,147.428822389159
