coin,totalCurrentValue
sui,185.28081428495827
ethereum,181.23350156113392
solana,160.06836767765017
bitcoin,141.0007566464301
