coin,totalCurrentValue
ethereum,185.09766027644423
sui,184.16689409118982
solana,157.03440549824143
bitcoin,141.6249422262798
