coin,totalCurrentValue
sui,182.6052027348196
ethereum,173.13333008247994
solana,152.2289044347248
bitcoin,139.57526827092195
