coin,totalCurrentValue
ethereum,169.25177544488298
sui,155.45696460044317
solana,146.24843236086917
bitcoin,143.2135010429306
