coin,totalCurrentValue
sui,185.42100686181982
ethereum,176.81616674615182
solana,161.37689895572822
bitcoin,140.00504404012466
