coin,totalCurrentValue
solana,438.59944087677627
bitcoin,382.35085275496056
ethereum,311.53990858608756
